{
  "version": 1,
  "author": "Anonymous maker",
  "editor": "wokwi",
  "parts": [
    { "type": "wokwi-breadboard-half", "id": "bb1", "top": 400.2, "left": 223.6, "attrs": {} },
    { "type": "wokwi-arduino-uno", "id": "uno", "top": 0.6, "left": 37.8, "attrs": {} },
    {
      "type": "wokwi-stepper-motor",
      "id": "stepper1",
      "top": -43.61,
      "left": 670.77,
      "rotate": 180,
      "attrs": { "size": "17" }
    },
    {
      "type": "wokwi-servo",
      "id": "servo1",
      "top": -6.3,
      "left": 488.1,
      "rotate": 90,
      "attrs": {}
    },
    {
      "type": "wokwi-servo",
      "id": "servo2",
      "top": -6.3,
      "left": 411.3,
      "rotate": 90,
      "attrs": {}
    },
    {
      "type": "wokwi-lcd1602",
      "id": "lcd1",
      "top": 188.8,
      "left": 437.6,
      "attrs": { "pins": "i2c" }
    },
    {
      "type": "wokwi-analog-joystick",
      "id": "joystick1",
      "top": 229.8,
      "left": 139.8,
      "attrs": {}
    },
    {
      "type": "wokwi-pushbutton",
      "id": "btn1",
      "top": 54.2,
      "left": 345.6,
      "attrs": { "color": "green" }
    },
    {
      "type": "wokwi-resistor",
      "id": "r1",
      "top": 455.45,
      "left": 286.6,
      "rotate": 180,
      "attrs": { "value": "10000" }
    },
    { "type": "wokwi-dht22", "id": "dht1", "top": 201.9, "left": 801, "attrs": {} },
    {
      "type": "wokwi-resistor",
      "id": "r2",
      "top": 455.45,
      "left": 469,
      "rotate": 180,
      "attrs": { "value": "10000" }
    }
  ],
  "connections": [
    [ "servo1:V+", "bb1:tp.15", "red", [ "v-19.2", "h38.3", "v230.4", "h-203.2" ] ],
    [ "servo1:GND", "bb1:tn.14", "black", [ "v-9.6", "h19.2", "v211.2", "h-201.6", "v249.7" ] ],
    [ "servo2:V+", "bb1:tp.13", "red", [ "v-19.2", "h38.3", "v211.2", "h-144", "v239.7" ] ],
    [ "servo2:GND", "bb1:tn.12", "black", [ "v-9.6", "h19.2", "v192", "h-144", "v259.3" ] ],
    [ "uno:A4", "lcd1:SDA", "green", [ "v0" ] ],
    [ "uno:A5", "lcd1:SCL", "green", [ "v57.5", "h4.3" ] ],
    [ "uno:5V", "bb1:tp.1", "red", [ "v19.1", "h-73", "v201.3" ] ],
    [ "uno:GND.2", "bb1:tn.1", "black", [ "v28.7", "h-72.9", "v201.7" ] ],
    [ "joystick1:VCC", "bb1:tp.2", "red", [ "v48", "h56" ] ],
    [ "joystick1:VERT", "uno:A1", "blue", [ "v38.4", "h76.8" ] ],
    [ "joystick1:HORZ", "uno:A0", "blue", [ "v28.8", "h57.6" ] ],
    [ "joystick1:GND", "bb1:tn.5", "black", [ "v9.6", "h48" ] ],
    [ "servo2:PWM", "uno:5", "orange", [ "v-9.6", "h-211.4" ] ],
    [ "servo1:PWM", "uno:6", "orange", [ "v-28.8", "h-0.2" ] ],
    [ "lcd1:VCC", "bb1:tp.17", "red", [ "h-9.6", "v0.1" ] ],
    [ "lcd1:GND", "bb1:tn.16", "black", [ "h-19.2", "v201.6" ] ],
    [ "stepper1:B-", "uno:2", "white", [ "v-24.44", "h-432.51" ] ],
    [ "stepper1:B+", "uno:3", "white", [ "v-34.04", "h-457.22" ] ],
    [ "stepper1:A+", "uno:4", "white", [ "v-43.64", "h-466.82" ] ],
    [ "stepper1:A-", "uno:7", "white", [ "v-53.24", "h-6.02" ] ],
    [ "joystick1:SEL", "uno:A2", "blue", [ "v19.2", "h67.2" ] ],
    [ "btn1:1.l", "uno:8", "gray", [ "h-28.8", "v-76.8", "h-106" ] ],
    [ "btn1:1.r", "bb1:11t.a", "gray", [ "h19.4", "v57.6", "h-57.6", "v326.4" ] ],
    [ "bb1:5t.a", "bb1:tn.4", "black", [ "v0" ] ],
    [ "btn1:2.r", "bb1:tp.9", "red", [ "h9.8", "v29", "h-57.6", "v297.3" ] ],
    [ "r1:1", "bb1:11t.b", "", [ "$bb" ] ],
    [ "r1:2", "bb1:5t.b", "", [ "$bb" ] ],
    [ "dht1:VCC", "bb1:tp.23", "red", [ "v28.8", "h-308.8" ] ],
    [ "dht1:GND", "bb1:tn.24", "black", [ "v38.4", "h-326.4", "v67.3" ] ],
    [ "r2:1", "bb1:30t.b", "", [ "$bb" ] ],
    [ "r2:2", "bb1:24t.b", "", [ "$bb" ] ],
    [ "bb1:24t.a", "bb1:tp.20", "red", [ "v0" ] ],
    [ "uno:A3", "bb1:30t.a", "violet", [ "v143.9", "h282.5", "v115.2" ] ],
    [ "bb1:30t.c", "dht1:SDA", "violet", [ "v0", "h38.4", "v-105.6", "h259.2", "v-48" ] ]
  ],
  "dependencies": {}
}